INSERT INTO sys_authorization(rights_id_, rights_object_, rights_target_, rights_type_, rights_identity_, rights_identity_name_, rights_permission_code_, rights_create_time_, rights_create_by_) VALUES ('10000054820143', 'WORKBENCH', '10000053631203', 'all', 'user', '所有人', 'user-all', '2018-04-09 08:10:47', '1');
INSERT INTO sys_authorization(rights_id_, rights_object_, rights_target_, rights_type_, rights_identity_, rights_identity_name_, rights_permission_code_, rights_create_time_, rights_create_by_) VALUES ('10000054820144', 'WORKBENCH', '10000053631202', 'all', 'user', '所有人', 'user-all', '2018-04-09 08:10:58', '1');
INSERT INTO sys_authorization(rights_id_, rights_object_, rights_target_, rights_type_, rights_identity_, rights_identity_name_, rights_permission_code_, rights_create_time_, rights_create_by_) VALUES ('10000054820146', 'WORKBENCH', '10000051360122', 'all', 'user', '所有人', 'user-all', '2018-04-09 08:11:35', '1');
INSERT INTO sys_authorization(rights_id_, rights_object_, rights_target_, rights_type_, rights_identity_, rights_identity_name_, rights_permission_code_, rights_create_time_, rights_create_by_) VALUES ('10000054820147', 'WORKBENCH', '10000049030124', 'all', 'user', '所有人', 'user-all', '2018-04-09 08:11:41', '1');
INSERT INTO sys_authorization(rights_id_, rights_object_, rights_target_, rights_type_, rights_identity_, rights_identity_name_, rights_permission_code_, rights_create_time_, rights_create_by_) VALUES ('10000054820148', 'WORKBENCH', '10000047970167', 'all', 'user', '所有人', 'user-all', '2018-04-09 08:11:47', '1');
INSERT INTO sys_authorization(rights_id_, rights_object_, rights_target_, rights_type_, rights_identity_, rights_identity_name_, rights_permission_code_, rights_create_time_, rights_create_by_) VALUES ('10000055210122', 'WORKBENCH', '10000053631205', 'all', 'user', '所有人', 'user-all', '2018-04-09 09:30:50', '1');
INSERT INTO sys_authorization(rights_id_, rights_object_, rights_target_, rights_type_, rights_identity_, rights_identity_name_, rights_permission_code_, rights_create_time_, rights_create_by_) VALUES ('10000055980295', 'WORKBENCH', '10000053631201', 'all', 'user', '所有人', 'user-all', '2018-04-10 06:40:54', '1');

INSERT INTO sys_data_source(id_, key_, name_, desc_, db_type_, class_path_, attributes_json_) VALUES ('1', 'dataSourceDefault', '本地数据源', '本地数据源', 'dmsql', null, null);

INSERT INTO sys_data_source_def(id_, name_, class_path_, attributes_json_) VALUES ('1', 'DruidDataSource数据源', 'com.alibaba.druid.pool.DruidDataSource', '[{"comment":"url","name":"url","required":true,"type":"java.lang.String"},{"comment":"username","name":"username","required":true,"type":"java.lang.String"},{"comment":"password","name":"password","required":true,"type":"java.lang.String"},{"comment":"initialSize","defaultValue":"1","name":"initialSize","required":true,"type":"int"},{"comment":"minIdle","defaultValue":"10","name":"minIdle","required":true,"type":"int"},{"comment":"maxActive","defaultValue":"10","name":"maxActive","required":true,"type":"int"},{"comment":"maxWait","defaultValue":"6000","name":"maxWait","required":true,"type":"long"},{"comment":"timeBetweenEvictionRunsMillis","defaultValue":"6000","name":"timeBetweenEvictionRunsMillis","required":true,"type":"long"},{"comment":"minEvictableIdleTimeMillis","defaultValue":"30000","name":"minEvictableIdleTimeMillis","required":true,"type":"long"},{"comment":"连接失败后是否不再尝试","defaultValue":"true","name":"breakAfterAcquireFailure","required":true,"type":"boolean"},{"comment":"校验sql","defaultValue":"","name":"validationQuery","required":false,"type":"java.lang.String"},{"comment":"testWhileIdle","defaultValue":"true","name":"testWhileIdle","required":true,"type":"boolean"},{"comment":"testOnBorrow","defaultValue":"false","name":"testOnBorrow","required":true,"type":"boolean"},{"comment":"testOnReturn","defaultValue":"false","name":"testOnReturn","required":true,"type":"boolean"},{"comment":"poolPreparedStatements","defaultValue":"true","name":"poolPreparedStatements","required":true,"type":"boolean"},{"comment":"maxPoolPreparedStatementPerConnectionSize","defaultValue":"20","name":"maxPoolPreparedStatementPerConnectionSize","required":true,"type":"int"},{"comment":"filters","defaultValue":"stat","name":"filters","required":true,"type":"java.lang.String"},{"comment":"removeAbandoned","defaultValue":"true","name":"removeAbandoned","required":true,"type":"boolean"},{"comment":"removeAbandonedTimeout","defaultValue":"2880","name":"removeAbandonedTimeout","required":true,"type":"int"},{"comment":"logAbandoned","defaultValue":"true","name":"logAbandoned","required":true,"type":"boolean"},{"comment":"enable","name":"enable","required":false,"type":"boolean"},{"comment":"logDifferentThread","name":"logDifferentThread","required":false,"type":"boolean"},{"comment":"useGlobalDataSourceStat","name":"useGlobalDataSourceStat","required":false,"type":"boolean"},{"comment":"reStatEnable","name":"reStatEnable","required":false,"type":"boolean"},{"comment":"name","name":"name","required":false,"type":"java.lang.String"},{"comment":"logWriter","name":"logWriter","required":false,"type":"java.io.PrintWriter"},{"comment":"loginTimeout","name":"loginTimeout","required":false,"type":"int"},{"comment":"maxIdle","name":"maxIdle","required":false,"type":"int"},{"comment":"failFast","name":"failFast","required":false,"type":"boolean"},{"comment":"dbType","name":"dbType","required":false,"type":"java.lang.String"},{"comment":"queryTimeout","name":"queryTimeout","required":false,"type":"int"},{"comment":"proxyFilters","name":"proxyFilters","required":false,"type":"java.util.List"},{"comment":"oracle","name":"oracle","required":false,"type":"boolean"},{"comment":"useUnfairLock","name":"useUnfairLock","required":false,"type":"boolean"},{"comment":"timeBetweenLogStatsMillis","name":"timeBetweenLogStatsMillis","required":false,"type":"long"},{"comment":"clearFiltersEnable","name":"clearFiltersEnable","required":false,"type":"boolean"},{"comment":"notFullTimeoutRetryCount","name":"notFullTimeoutRetryCount","required":false,"type":"int"},{"comment":"maxWaitThreadCount","name":"maxWaitThreadCount","required":false,"type":"int"},{"comment":"phyTimeoutMillis","name":"phyTimeoutMillis","required":false,"type":"long"},{"comment":"maxEvictableIdleTimeMillis","name":"maxEvictableIdleTimeMillis","required":false,"type":"long"},{"comment":"driverClassName","name":"driverClassName","required":false,"type":"java.lang.String"},{"comment":"transactionQueryTimeout","name":"transactionQueryTimeout","required":false,"type":"int"},{"comment":"exceptionSorterClassName","name":"exceptionSorterClassName","required":false,"type":"java.lang.String"},{"comment":"defaultAutoCommit","name":"defaultAutoCommit","required":false,"type":"boolean"},{"comment":"defaultReadOnly","name":"defaultReadOnly","required":false,"type":"java.lang.Boolean"},{"comment":"defaultTransactionIsolation","name":"defaultTransactionIsolation","required":false,"type":"java.lang.Integer"},{"comment":"statLoggerClassName","name":"statLoggerClassName","required":false,"type":"java.lang.String"},{"comment":"connectionProperties","name":"connectionProperties","required":false,"type":"java.lang.String"},{"comment":"transactionThresholdMillis","name":"transactionThresholdMillis","required":false,"type":"long"},{"comment":"useOracleImplicitCache","name":"useOracleImplicitCache","required":false,"type":"boolean"},{"comment":"useLocalSessionState","name":"useLocalSessionState","required":false,"type":"boolean"},{"comment":"dupCloseLogEnable","name":"dupCloseLogEnable","required":false,"type":"boolean"},{"comment":"connectionErrorRetryAttempts","name":"connectionErrorRetryAttempts","required":false,"type":"int"},{"comment":"sharePreparedStatements","name":"sharePreparedStatements","required":false,"type":"boolean"},{"comment":"timeBetweenConnectErrorMillis","name":"timeBetweenConnectErrorMillis","required":false,"type":"long"},{"comment":"maxOpenPreparedStatements","name":"maxOpenPreparedStatements","required":false,"type":"int"},{"comment":"removeAbandonedTimeoutMillis","name":"removeAbandonedTimeoutMillis","required":false,"type":"long"},{"comment":"validationQueryTimeout","name":"validationQueryTimeout","required":false,"type":"int"},{"comment":"defaultCatalog","name":"defaultCatalog","required":false,"type":"java.lang.String"},{"comment":"passwordCallbackClassName","name":"passwordCallbackClassName","required":false,"type":"java.lang.String"},{"comment":"exceptionSorter","name":"exceptionSorter","required":false,"type":"java.lang.String"},{"comment":"asyncCloseConnectionEnable","name":"asyncCloseConnectionEnable","required":false,"type":"boolean"},{"comment":"maxCreateTaskCount","name":"maxCreateTaskCount","required":false,"type":"int"},{"comment":"validConnectionCheckerClassName","name":"validConnectionCheckerClassName","required":false,"type":"java.lang.String"},{"comment":"accessToUnderlyingConnectionAllowed","name":"accessToUnderlyingConnectionAllowed","required":false,"type":"boolean"},{"comment":"numTestsPerEvictionRun","name":"numTestsPerEvictionRun","required":false,"type":"int"}]');

INSERT INTO sys_properties(id_,name_,alias_,group_,value_,encrypt_,update_by_,update_time_,create_by_,create_time_,description_,environment_) VALUES('405118036023705601','s.k','s.k','系统参数','f06f10d88d8261c6dacbae23f1704db8bbde11e39fae87182bcb0801dd469b11f2d239bdaa251409572bb33dda252f11',0,'1','2019-05-14 12:46:12',null,'2018-12-21 22:31:04','','DEV');
INSERT INTO sys_properties(id_,name_,alias_,group_,value_,encrypt_,update_by_,update_time_,create_by_,create_time_,description_,environment_) VALUES('413106719132221441','查询是否节假日','isholidayPath','API2',null,0,'1175302568334270465','2020-05-14 16:39:00',null,null,'','DEV');
INSERT INTO sys_properties(id_,name_,alias_,group_,value_,encrypt_,update_by_,update_time_,create_by_,create_time_,description_,environment_) VALUES('421031956462436353','安全设置-密码策略-密码最小长度','security.pwd.lengthMin','安全设置','8',0,'1','2020-11-23 13:33:15',null,null,'','DEV');
INSERT INTO sys_properties(id_,name_,alias_,group_,value_,encrypt_,update_by_,update_time_,create_by_,create_time_,description_,environment_) VALUES('421031971804676097','安全设置-密码策略-密码复杂度','security.pwd.complex','安全设置','{complex:simple}',0,'1','2020-11-23 13:33:09',null,null,'','DEV');
INSERT INTO sys_properties(id_,name_,alias_,group_,value_,encrypt_,update_by_,update_time_,create_by_,create_time_,description_,environment_) VALUES('421031987498713089','安全设置-密码策略-密码变更提醒','security.pwd.changeRemind','安全设置','{period:1,status:false}',0,'1','2020-11-23 13:33:02',null,null,'','DEV');
INSERT INTO sys_properties(id_,name_,alias_,group_,value_,encrypt_,update_by_,update_time_,create_by_,create_time_,description_,environment_) VALUES('421032007841611777','安全设置-账号自动锁定-密码输入错误自动锁定','security.acount.pwdWrongAutoLock','安全设置','{duration:1,times:5,lock:true,status:true}',0,'1','2020-11-23 13:34:25',null,null,'','DEV');
INSERT INTO sys_properties(id_,name_,alias_,group_,value_,encrypt_,update_by_,update_time_,create_by_,create_time_,description_,environment_) VALUES('421032027706359809','安全设置-账号自动锁定-长时间未输入自动锁定','security.acount.longNoneLock','安全设置','{duration:30,status:false}',0,'421051691673845761','2020-11-28 15:26:07',null,null,'','DEV');
INSERT INTO sys_properties(id_,name_,alias_,group_,value_,encrypt_,update_by_,update_time_,create_by_,create_time_,description_,environment_) VALUES('421032042241458177','安全设置-登录设置-登录方式','security.login.type','安全设置','{type:[登录名,手机号码]}',0,'1','2020-11-23 13:46:31',null,null,'','DEV');
INSERT INTO sys_properties(id_,name_,alias_,group_,value_,encrypt_,update_by_,update_time_,create_by_,create_time_,description_,environment_) VALUES('421032081503551489','安全设置-密码策略-强制修改密码','security.pwd.changeMandatory','安全设置','false',0,'1','2020-11-23 13:38:50',null,'2020-11-23 13:38:50','','DEV');
INSERT INTO sys_properties(id_,name_,alias_,group_,value_,encrypt_,update_by_,update_time_,create_by_,create_time_,description_,environment_) VALUES('421032091913551873','安全设置-密码策略-首次登录必须修改密码','security.pwd.changeFirstLogin','安全设置','true',0,'1','2020-11-23 13:39:30',null,'2020-11-23 13:39:30','','DEV');
INSERT INTO sys_properties(id_,name_,alias_,group_,value_,encrypt_,update_by_,update_time_,create_by_,create_time_,description_,environment_) VALUES('421032124428582913','安全设置-密码策略-弱密码禁止保存','security.pwd.weakDisable','安全设置','false',0,'1','2020-11-23 13:41:34',null,'2020-11-23 13:41:34','','DEV');
INSERT INTO sys_properties(id_,name_,alias_,group_,value_,encrypt_,update_by_,update_time_,create_by_,create_time_,description_,environment_) VALUES('421032134889963521','安全设置-密码策略-启动初始密码','security.pwd.initEnable','安全设置','true',0,'1','2020-11-23 13:42:14',null,'2020-11-23 13:42:14','','DEV');
INSERT INTO sys_properties(id_,name_,alias_,group_,value_,encrypt_,update_by_,update_time_,create_by_,create_time_,description_,environment_) VALUES('421032144869785601','安全设置-登录设置-允许同一用户重复登录','security.login.repeatEnable','安全设置','false',0,'1','2020-11-23 13:42:52',null,'2020-11-23 13:42:52','','DEV');
INSERT INTO sys_properties(id_,name_,alias_,group_,value_,encrypt_,update_by_,update_time_,create_by_,create_time_,description_,environment_) VALUES('421032155470364673','安全设置-登录设置-启用忘记密码功能','security.login.pwdForgetEnable','安全设置','true',0,'1','2020-11-23 13:43:32',null,'2020-11-23 13:43:32','','DEV');
INSERT INTO sys_properties(id_,name_,alias_,group_,value_,encrypt_,update_by_,update_time_,create_by_,create_time_,description_,environment_) VALUES('421032165135089665','安全设置-登录设置-禁止在网段外登录','security.login.netOutDisable','安全设置','false',0,'1','2020-11-23 13:44:09',null,'2020-11-23 13:44:09','','DEV');
INSERT INTO sys_properties(id_,name_,alias_,group_,value_,encrypt_,update_by_,update_time_,create_by_,create_time_,description_,environment_) VALUES('421032175331180545','安全设置-登录设置-验证码','security.login.verificationCodeEnable','安全设置','false',0,'1','2020-11-23 13:44:48',null,'2020-11-23 13:44:48','','DEV');
INSERT INTO sys_properties(id_,name_,alias_,group_,value_,encrypt_,update_by_,update_time_,create_by_,create_time_,description_,environment_) VALUES('421032185728335873','安全设置-其他设置-非在职人员信息查看控制','security.other.userAbnormalLook','安全设置','false',0,'1','2020-11-23 13:45:28',null,'2020-11-23 13:45:28','','DEV');
INSERT INTO sys_properties(id_,name_,alias_,group_,value_,encrypt_,update_by_,update_time_,create_by_,create_time_,description_,environment_) VALUES('421032196719247361','安全设置-其他设置-外部用户接口校验码','security.other.userOutVerificationCode','安全设置','{userOutVerificationCode:}',0,'1','2020-11-23 13:46:10',null,'2020-11-23 13:46:10','','DEV');
INSERT INTO sys_properties(id_,name_,alias_,group_,value_,encrypt_,update_by_,update_time_,create_by_,create_time_,description_,environment_) VALUES('6','系统管理员000','admin.account',null,null,0,'1170899984481509378','2019-09-18 05:12:46',null,null,'','DEV');

INSERT INTO sys_script(id_, name_, script_, category_, memo_) VALUES ('10000000000001', '获取流水号', 'sysScript.getNextSerialNo("流水号Alias");', '系统内置', '获取流水号');
INSERT INTO sys_script(id_, name_, script_, category_, memo_) VALUES ('10000000000002', '获取当前用户信息', 'sysScript.getCurrentUser().getFullname()', '系统内置', '获取用户的某一个属性');
INSERT INTO sys_script(id_, name_, script_, category_, memo_) VALUES ('20000000570001', '获取当前组织ID', 'import cn.gwssi.ecloudbpm.sys.util.ContextUtil;

        return ContextUtil.getCurrentGroupId();', '系统内置', '通过引入静态方法来调用系统脚本，这样不需要实现Iscript脚本 。');

INSERT INTO sys_serialno(id_, name_, alias_, regulation_, gen_type_, no_length_, cur_date_, init_value_, cur_value_, step_) VALUES ('10000001620002', '每天使用一组流水号', 'dayNo', '{yyyy}{MM}{DD}{NO}', '1', '5', '20180710', '1', '1', '1');

INSERT INTO sys_tree(id_,key_,name_,desc_,system_,MULTI_SELECT,ICON_SHOW,DRAG,LEAF_STORE,ENABLE_EDIT) VALUES('20000002810002','ywbfl','业务表分类','业务表分类的树',1,null,null,null,null,null);
INSERT INTO sys_tree(id_,key_,name_,desc_,system_,MULTI_SELECT,ICON_SHOW,DRAG,LEAF_STORE,ENABLE_EDIT) VALUES('20000002900001','ywdxfl','业务对象分类','业务对象分类树',1,null,null,null,null,null);
INSERT INTO sys_tree(id_,key_,name_,desc_,system_,MULTI_SELECT,ICON_SHOW,DRAG,LEAF_STORE,ENABLE_EDIT) VALUES('20000002960002','bdfl','表单分类','表单分类',1,0,1,0,1,0);
INSERT INTO sys_tree(id_,key_,name_,desc_,system_,MULTI_SELECT,ICON_SHOW,DRAG,LEAF_STORE,ENABLE_EDIT) VALUES('20000007060001','dict','数据字典分类','数据字典',1,null,null,null,null,null);
INSERT INTO sys_tree(id_,key_,name_,desc_,system_,MULTI_SELECT,ICON_SHOW,DRAG,LEAF_STORE,ENABLE_EDIT) VALUES('20000008980001','flow','流程分类',null,1,null,null,null,null,null);
INSERT INTO sys_tree(id_,key_,name_,desc_,system_,MULTI_SELECT,ICON_SHOW,DRAG,LEAF_STORE,ENABLE_EDIT) VALUES('410935182559805441','rwfl','任务分类','任务分类',1,null,null,null,null,null);
INSERT INTO sys_tree(id_,key_,name_,desc_,system_,MULTI_SELECT,ICON_SHOW,DRAG,LEAF_STORE,ENABLE_EDIT) VALUES('410935404836945921','系统','系统',null,1,0,0,0,0,1);
INSERT INTO sys_tree(id_,key_,name_,desc_,system_,MULTI_SELECT,ICON_SHOW,DRAG,LEAF_STORE,ENABLE_EDIT) VALUES('412675405979058177','xwgglx','新闻公告类型',null,0,0,0,0,0,0);
INSERT INTO sys_tree(id_,key_,name_,desc_,system_,MULTI_SELECT,ICON_SHOW,DRAG,LEAF_STORE,ENABLE_EDIT) VALUES('412859826179407873','ywbjq','业务编辑器',null,0,null,null,null,null,null);
INSERT INTO sys_tree(id_,key_,name_,desc_,system_,MULTI_SELECT,ICON_SHOW,DRAG,LEAF_STORE,ENABLE_EDIT) VALUES('412861715697631233','mbfl','公文模版分类',null,1,0,0,0,0,0);
INSERT INTO sys_tree(id_,key_,name_,desc_,system_,MULTI_SELECT,ICON_SHOW,DRAG,LEAF_STORE,ENABLE_EDIT) VALUES('413106866424381441','systemAttrTree','系统属性管理分类',null,0,null,null,null,null,null);
INSERT INTO sys_tree(id_,key_,name_,desc_,system_,MULTI_SELECT,ICON_SHOW,DRAG,LEAF_STORE,ENABLE_EDIT) VALUES('413309430117957633','ywsjfls','业务设计分类树','业务设计分类树',1,0,1,0,1,1);
INSERT INTO sys_tree(id_,key_,name_,desc_,system_,MULTI_SELECT,ICON_SHOW,DRAG,LEAF_STORE,ENABLE_EDIT) VALUES('413468459093983233','ywkbfls','业务看板分类树','业务看板分类树',1,0,1,1,1,1);
INSERT INTO sys_tree(id_,key_,name_,desc_,system_,MULTI_SELECT,ICON_SHOW,DRAG,LEAF_STORE,ENABLE_EDIT) VALUES('413742601088794625','wdml','文档目录','知识中心-文档管理的分类树',1,1,1,1,1,1);
INSERT INTO sys_tree(id_,key_,name_,desc_,system_,MULTI_SELECT,ICON_SHOW,DRAG,LEAF_STORE,ENABLE_EDIT) VALUES('416687717374492673','GWLB','岗位类别','',1,1,1,1,1,1);
INSERT INTO sys_tree(id_,key_,name_,desc_,system_,MULTI_SELECT,ICON_SHOW,DRAG,LEAF_STORE,ENABLE_EDIT) VALUES('416820221249847297','BGYPFL','办公用品分类','',1,0,1,1,1,1);
INSERT INTO sys_tree(id_,key_,name_,desc_,system_,MULTI_SELECT,ICON_SHOW,DRAG,LEAF_STORE,ENABLE_EDIT) VALUES('417563578266812417','HYSFL','会议室分类','会议室分类',1,0,1,1,1,1);

INSERT INTO sys_tree_node(id_, key_, name_, desc_, tree_id_, parent_id_, path_, sn_, icon_, create_time_, create_by_, application_name_) VALUES ('20000007060004', 'xtpz', '系统配置', null, '20000007060001', '0', '20000007060004.', 1, null, null, null, null);
INSERT INTO sys_tree_node(id_, key_, name_, desc_, tree_id_, parent_id_, path_, sn_, icon_, create_time_, create_by_, application_name_) VALUES ('411363717635899393', 'zjd001', '子节点003', '子节点003', '410935404836945921', '0', '411363717635899393.', 11, null, null, null, null);
INSERT INTO sys_tree_node(id_, key_, name_, desc_, tree_id_, parent_id_, path_, sn_, icon_, create_time_, create_by_, application_name_) VALUES ('411363723457593345', 'zjd002', '子节点002', '子节点002', '410935404836945921', '0', '411363723457593345.', 11, null, null, null, null);
INSERT INTO sys_tree_node(id_, key_, name_, desc_, tree_id_, parent_id_, path_, sn_, icon_, create_time_, create_by_, application_name_) VALUES ('412702422089334785', 'xw', '新闻', '1', '412675405979058177', '0', '412702422089334785.', 1, '11', null, null, null);
INSERT INTO sys_tree_node(id_, key_, name_, desc_, tree_id_, parent_id_, path_, sn_, icon_, create_time_, create_by_, application_name_) VALUES ('412702434040217601', 'gsxw', '公司新闻', '', '412675405979058177', '412702422089334785', '412702422089334785.412702434040217601.', 1, null, null, null, null);
INSERT INTO sys_tree_node(id_, key_, name_, desc_, tree_id_, parent_id_, path_, sn_, icon_, create_time_, create_by_, application_name_) VALUES ('412702437454381057', 'bmxw', '部门新闻', '', '412675405979058177', '412702422089334785', '412702422089334785.412702437454381057.', 2, null, null, null, null);
INSERT INTO sys_tree_node(id_, key_, name_, desc_, tree_id_, parent_id_, path_, sn_, icon_, create_time_, create_by_, application_name_) VALUES ('412702424503418881', 'gg', '公告', '', '412675405979058177', '0', '412702424503418881.', 2, null, null, null, null);
INSERT INTO sys_tree_node(id_, key_, name_, desc_, tree_id_, parent_id_, path_, sn_, icon_, create_time_, create_by_, application_name_) VALUES ('412702443091001345', 'gsgg', '公司公告', '', '412675405979058177', '412702424503418881', '412702424503418881.412702443091001345.', 1, null, null, null, null);
INSERT INTO sys_tree_node(id_, key_, name_, desc_, tree_id_, parent_id_, path_, sn_, icon_, create_time_, create_by_, application_name_) VALUES ('412702445830668289', 'bmgg', '部门公告', '22', '412675405979058177', '412702424503418881', '412702424503418881.412702445830668289.', 2, null, null, null, null);
INSERT INTO sys_tree_node(id_, key_, name_, desc_, tree_id_, parent_id_, path_, sn_, icon_, create_time_, create_by_, application_name_) VALUES ('412702426577240065', 'tz', '通知', '通知', '412675405979058177', '0', '412702426577240065.', 3, '通知', null, null, null);
INSERT INTO sys_tree_node(id_, key_, name_, desc_, tree_id_, parent_id_, path_, sn_, icon_, create_time_, create_by_, application_name_) VALUES ('412702479763111937', 'gstz', '公司通知', '', '412675405979058177', '412702426577240065', '412702426577240065.412702479763111937.', 2, null, null, null, null);
INSERT INTO sys_tree_node(id_, key_, name_, desc_, tree_id_, parent_id_, path_, sn_, icon_, create_time_, create_by_, application_name_) VALUES ('417274172635873281', 'bmtz', '部门通知', '111', '412675405979058177', '412702426577240065', '412702426577240065.417274172635873281.', 2, '', null, null, null);
INSERT INTO sys_tree_node(id_, key_, name_, desc_, tree_id_, parent_id_, path_, sn_, icon_, create_time_, create_by_, application_name_) VALUES ('412861720601821185', 'bdmb', '表单模版', null, '412861715697631233', '0', '412861720601821185.', 33, null, null, null, null);
INSERT INTO sys_tree_node(id_, key_, name_, desc_, tree_id_, parent_id_, path_, sn_, icon_, create_time_, create_by_, application_name_) VALUES ('412861726715805697', 'dymb', '打印模版', null, '412861715697631233', '0', '412861726715805697.', 34, null, null, null, null);
INSERT INTO sys_tree_node(id_, key_, name_, desc_, tree_id_, parent_id_, path_, sn_, icon_, create_time_, create_by_, application_name_) VALUES ('412861729492959233', 'zwmb', '正文模版', null, '412861715697631233', '0', '412861729492959233.', 35, null, null, null, null);
INSERT INTO sys_tree_node(id_, key_, name_, desc_, tree_id_, parent_id_, path_, sn_, icon_, create_time_, create_by_, application_name_) VALUES ('412861736559575041', 'swmb', '收文模版', null, '412861715697631233', '412861729492959233', '412861729492959233.412861736559575041.', 1, null, null, null, null);
INSERT INTO sys_tree_node(id_, key_, name_, desc_, tree_id_, parent_id_, path_, sn_, icon_, create_time_, create_by_, application_name_) VALUES ('412861771369938945', 'jy', '决议', null, '412861715697631233', '412861736559575041', '412861729492959233.412861736559575041.412861771369938945.', 1, null, null, null, null);
INSERT INTO sys_tree_node(id_, key_, name_, desc_, tree_id_, parent_id_, path_, sn_, icon_, create_time_, create_by_, application_name_) VALUES ('412861773001261057', 'jd', '决定', null, '412861715697631233', '412861736559575041', '412861729492959233.412861736559575041.412861773001261057.', 2, null, null, null, null);
INSERT INTO sys_tree_node(id_, key_, name_, desc_, tree_id_, parent_id_, path_, sn_, icon_, create_time_, create_by_, application_name_) VALUES ('412861777913053185', 'ml', '命令', null, '412861715697631233', '412861736559575041', '412861729492959233.412861736559575041.412861777913053185.', 3, null, null, null, null);
INSERT INTO sys_tree_node(id_, key_, name_, desc_, tree_id_, parent_id_, path_, sn_, icon_, create_time_, create_by_, application_name_) VALUES ('412861739794432001', 'fwmb', '发文模版', null, '412861715697631233', '412861729492959233', '412861729492959233.412861739794432001.', 2, null, null, null, null);
INSERT INTO sys_tree_node(id_, key_, name_, desc_, tree_id_, parent_id_, path_, sn_, icon_, create_time_, create_by_, application_name_) VALUES ('412861748316209153', 'qb', '签报', null, '412861715697631233', '412861729492959233', '412861729492959233.412861748316209153.', 3, null, null, null, null);
INSERT INTO sys_tree_node(id_, key_, name_, desc_, tree_id_, parent_id_, path_, sn_, icon_, create_time_, create_by_, application_name_) VALUES ('413106874348208129', 'API', '系统接口', '', '413106866424381441', '0', '413106874348208129.', 37, null, null, null, null);
INSERT INTO sys_tree_node(id_, key_, name_, desc_, tree_id_, parent_id_, path_, sn_, icon_, create_time_, create_by_, application_name_) VALUES ('413106876487303169', 'API2', '系统接口2', '', '413106866424381441', '0', '413106876487303169.', 38, null, null, null, null);
INSERT INTO sys_tree_node(id_, key_, name_, desc_, tree_id_, parent_id_, path_, sn_, icon_, create_time_, create_by_, application_name_) VALUES ('413309822955421697', '1', '业务功能设计', '1', '413309430117957633', '0', '413309822955421697.', 1, ' el-icon-platform-eleme', null, null, null);
INSERT INTO sys_tree_node(id_, key_, name_, desc_, tree_id_, parent_id_, path_, sn_, icon_, create_time_, create_by_, application_name_) VALUES ('413766993036443649', '113', '考勤管理', '113', '413309430117957633', '413309822955421697', '413309822955421697.413766993036443649.', 2, ' el-icon-camera', null, null, null);
INSERT INTO sys_tree_node(id_, key_, name_, desc_, tree_id_, parent_id_, path_, sn_, icon_, create_time_, create_by_, application_name_) VALUES ('413441274682802177', 'GovernmentOA', '政务OA产品', '政务版OA产品的系统分类树', '20000002810002', '0', '413441274682802177.', 2, null, null, null, null);
INSERT INTO sys_tree_node(id_, key_, name_, desc_, tree_id_, parent_id_, path_, sn_, icon_, create_time_, create_by_, application_name_) VALUES ('413441418039918593', 'GWGL', '公文管理', '公文相关的分类', '20000002810002', '413441274682802177', '413441274682802177.413441418039918593.', 1, null, null, null, null);
INSERT INTO sys_tree_node(id_, key_, name_, desc_, tree_id_, parent_id_, path_, sn_, icon_, create_time_, create_by_, application_name_) VALUES ('415325579593383937', 'official_doc', '公文通用实体', '', '20000002810002', '413441418039918593', '413441274682802177.413441418039918593.415325579593383937.', 4, '', null, null, null);
INSERT INTO sys_tree_node(id_, key_, name_, desc_, tree_id_, parent_id_, path_, sn_, icon_, create_time_, create_by_, application_name_) VALUES ('420423562289741825', '公司收文', '公司收文', '', '20000002810002', '413441418039918593', '413441274682802177.413441418039918593.420423562289741825.', 6, '', null, null, null);
INSERT INTO sys_tree_node(id_, key_, name_, desc_, tree_id_, parent_id_, path_, sn_, icon_, create_time_, create_by_, application_name_) VALUES ('413441475670179841', 'DBGL', '督办管理', '政务工作中督办相关的系统分类', '20000002810002', '413441274682802177', '413441274682802177.413441475670179841.', 2, null, null, null, null);
INSERT INTO sys_tree_node(id_, key_, name_, desc_, tree_id_, parent_id_, path_, sn_, icon_, create_time_, create_by_, application_name_) VALUES ('413767668756381697', 'ZHBG', '综合办公', '', '20000002810002', '413441274682802177', '413441274682802177.413767668756381697.', 3, '', null, null, null);
INSERT INTO sys_tree_node(id_, key_, name_, desc_, tree_id_, parent_id_, path_, sn_, icon_, create_time_, create_by_, application_name_) VALUES ('414604652865126401', '考勤', '考勤管理', '', '20000002810002', '413441274682802177', '413441274682802177.414604652865126401.', 4, '', null, null, null);
INSERT INTO sys_tree_node(id_, key_, name_, desc_, tree_id_, parent_id_, path_, sn_, icon_, create_time_, create_by_, application_name_) VALUES ('420126420567326721', 'qjsq', '请假申请', '', '20000002810002', '414604652865126401', '413441274682802177.414604652865126401.420126420567326721.', 1, '', null, null, null);
INSERT INTO sys_tree_node(id_, key_, name_, desc_, tree_id_, parent_id_, path_, sn_, icon_, create_time_, create_by_, application_name_) VALUES ('420126779361460225', 'jbsq', '加班申请', '', '20000002810002', '414604652865126401', '413441274682802177.414604652865126401.420126779361460225.', 2, '', null, null, null);
INSERT INTO sys_tree_node(id_, key_, name_, desc_, tree_id_, parent_id_, path_, sn_, icon_, create_time_, create_by_, application_name_) VALUES ('415012475321974785', 'rsgl', '人事管理', '', '20000002810002', '413441274682802177', '413441274682802177.415012475321974785.', 5, '', null, null, null);
INSERT INTO sys_tree_node(id_, key_, name_, desc_, tree_id_, parent_id_, path_, sn_, icon_, create_time_, create_by_, application_name_) VALUES ('415241380618305537', 'PM', '项目管理', '', '20000002810002', '413441274682802177', '413441274682802177.415241380618305537.', 6, '', null, null, null);
INSERT INTO sys_tree_node(id_, key_, name_, desc_, tree_id_, parent_id_, path_, sn_, icon_, create_time_, create_by_, application_name_) VALUES ('415575558101925889', 'BGYP', '办公用品', '', '20000002810002', '413441274682802177', '413441274682802177.415575558101925889.', 7, '', null, null, null);
INSERT INTO sys_tree_node(id_, key_, name_, desc_, tree_id_, parent_id_, path_, sn_, icon_, create_time_, create_by_, application_name_) VALUES ('415636314750976001', 'clgl', '车辆管理', '', '20000002810002', '413441274682802177', '413441274682802177.415636314750976001.', 8, '', null, null, null);
INSERT INTO sys_tree_node(id_, key_, name_, desc_, tree_id_, parent_id_, path_, sn_, icon_, create_time_, create_by_, application_name_) VALUES ('419610954446929921', 'wendangguanli', '文档管理', '文档管理', '20000002810002', '413441274682802177', '413441274682802177.419610954446929921.', 9, '', null, null, null);
INSERT INTO sys_tree_node(id_, key_, name_, desc_, tree_id_, parent_id_, path_, sn_, icon_, create_time_, create_by_, application_name_) VALUES ('420146362324877313', 'gdzc', '固定资产采购', '', '20000002810002', '413441274682802177', '413441274682802177.420146362324877313.', 10, '', null, null, null);
INSERT INTO sys_tree_node(id_, key_, name_, desc_, tree_id_, parent_id_, path_, sn_, icon_, create_time_, create_by_, application_name_) VALUES ('420444273339269121', '用印管理', '用印管理', '', '20000002810002', '413441274682802177', '413441274682802177.420444273339269121.', 11, '', null, null, null);
INSERT INTO sys_tree_node(id_, key_, name_, desc_, tree_id_, parent_id_, path_, sn_, icon_, create_time_, create_by_, application_name_) VALUES ('420873810634342401', 'zcgl', '资产管理', '', '20000002810002', '413441274682802177', '413441274682802177.420873810634342401.', 13, '', null, null, null);
INSERT INTO sys_tree_node(id_, key_, name_, desc_, tree_id_, parent_id_, path_, sn_, icon_, create_time_, create_by_, application_name_) VALUES ('413441572837785601', 'GovernmentOA', '政务OA产品', '政务版OA产品中相关分类', '20000002900001', '-1', '413441572837785601.', 1, '', null, null, null);
INSERT INTO sys_tree_node(id_, key_, name_, desc_, tree_id_, parent_id_, path_, sn_, icon_, create_time_, create_by_, application_name_) VALUES ('413441581183139841', 'GWGL', '公文管理', '公文相关的业务对象分类', '20000002900001', '413441572837785601', '413441572837785601.413441581183139841.', 1, '', null, null, null);
INSERT INTO sys_tree_node(id_, key_, name_, desc_, tree_id_, parent_id_, path_, sn_, icon_, create_time_, create_by_, application_name_) VALUES ('420423893096333313', '公司收文', '公司收文', '', '20000002900001', '413441581183139841', '413441572837785601.413441581183139841.420423893096333313.', 1, '', null, null, null);
INSERT INTO sys_tree_node(id_, key_, name_, desc_, tree_id_, parent_id_, path_, sn_, icon_, create_time_, create_by_, application_name_) VALUES ('413441587612745729', 'DBGL', '督办管理', '督办管理相关的系统分类', '20000002900001', '413441572837785601', '413441572837785601.413441587612745729.', 2, '', null, null, null);
INSERT INTO sys_tree_node(id_, key_, name_, desc_, tree_id_, parent_id_, path_, sn_, icon_, create_time_, create_by_, application_name_) VALUES ('414604898550939649', 'KQGL', '考勤管理', '', '20000002900001', '413441572837785601', '413441572837785601.414604898550939649.', 3, '', null, null, null);
INSERT INTO sys_tree_node(id_, key_, name_, desc_, tree_id_, parent_id_, path_, sn_, icon_, create_time_, create_by_, application_name_) VALUES ('415012468011565057', 'rsgl', '人事管理', '', '20000002900001', '413441572837785601', '413441572837785601.415012468011565057.', 4, '', null, null, null);
INSERT INTO sys_tree_node(id_, key_, name_, desc_, tree_id_, parent_id_, path_, sn_, icon_, create_time_, create_by_, application_name_) VALUES ('415241364084883457', 'PM', '项目管理', '', '20000002900001', '413441572837785601', '413441572837785601.415241364084883457.', 5, '', null, null, null);
INSERT INTO sys_tree_node(id_, key_, name_, desc_, tree_id_, parent_id_, path_, sn_, icon_, create_time_, create_by_, application_name_) VALUES ('415621411618684929', 'BGYP', '办公用品', '', '20000002900001', '413441572837785601', '413441572837785601.415621411618684929.', 6, '', null, null, null);
INSERT INTO sys_tree_node(id_, key_, name_, desc_, tree_id_, parent_id_, path_, sn_, icon_, create_time_, create_by_, application_name_) VALUES ('415636325588271105', 'clgl', '车辆管理', '', '20000002900001', '413441572837785601', '413441572837785601.415636325588271105.', 7, '', null, null, null);
INSERT INTO sys_tree_node(id_, key_, name_, desc_, tree_id_, parent_id_, path_, sn_, icon_, create_time_, create_by_, application_name_) VALUES ('420122310859816961', '', '行政管理', '', '20000002900001', '413441572837785601', '413441572837785601.420122310859816961.', 8, '', null, null, null);
INSERT INTO sys_tree_node(id_, key_, name_, desc_, tree_id_, parent_id_, path_, sn_, icon_, create_time_, create_by_, application_name_) VALUES ('420123404326404097', 'ZHBG', '综合办公', '', '20000002900001', '413441572837785601', '413441572837785601.420123404326404097.', 9, '', null, null, null);
INSERT INTO sys_tree_node(id_, key_, name_, desc_, tree_id_, parent_id_, path_, sn_, icon_, create_time_, create_by_, application_name_) VALUES ('420444278333112321', '用印管理', '用印管理', '', '20000002900001', '413441572837785601', '413441572837785601.420444278333112321.', 10, '', null, null, null);
INSERT INTO sys_tree_node(id_, key_, name_, desc_, tree_id_, parent_id_, path_, sn_, icon_, create_time_, create_by_, application_name_) VALUES ('420873864372027393', 'zcgl', '资产管理', '', '20000002900001', '413441572837785601', '413441572837785601.420873864372027393.', 12, '', null, null, null);
INSERT INTO sys_tree_node(id_, key_, name_, desc_, tree_id_, parent_id_, path_, sn_, icon_, create_time_, create_by_, application_name_) VALUES ('413442061168803841', 'LC_GovernmentOA', '机关事务', '政务版OA产品的公文管理模块相关系统分类', '20000008980001', '0', '413442061168803841.', 2, 'bpm-national-emblem', null, null, null);
INSERT INTO sys_tree_node(id_, key_, name_, desc_, tree_id_, parent_id_, path_, sn_, icon_, create_time_, create_by_, application_name_) VALUES ('413442101845426177', 'LC_DBGL', '督办管理', '督办管理', '20000008980001', '413442061168803841', '413442061168803841.413442101845426177.', 2, '', null, null, null);
INSERT INTO sys_tree_node(id_, key_, name_, desc_, tree_id_, parent_id_, path_, sn_, icon_, create_time_, create_by_, application_name_) VALUES ('413692893435527169', 'LC_KQGL', '考勤管理', '考勤相关的流程', '20000008980001', '413442061168803841', '413442061168803841.413692893435527169.', 4, '', null, null, null);
INSERT INTO sys_tree_node(id_, key_, name_, desc_, tree_id_, parent_id_, path_, sn_, icon_, create_time_, create_by_, application_name_) VALUES ('413692903246266369', 'LC_XWZX', '新闻中心', '新闻、公告审批流程', '20000008980001', '413442061168803841', '413442061168803841.413692903246266369.', 5, '', null, null, null);
INSERT INTO sys_tree_node(id_, key_, name_, desc_, tree_id_, parent_id_, path_, sn_, icon_, create_time_, create_by_, application_name_) VALUES ('415011052859162625', 'LC_XMGL', '项目管理', '', '20000008980001', '413442061168803841', '413442061168803841.415011052859162625.', 6, '', null, null, null);
INSERT INTO sys_tree_node(id_, key_, name_, desc_, tree_id_, parent_id_, path_, sn_, icon_, create_time_, create_by_, application_name_) VALUES ('416756999182352385', 'LC_RSGL', '人事管理', '', '20000008980001', '413442061168803841', '413442061168803841.416756999182352385.', 7, '', null, null, null);
INSERT INTO sys_tree_node(id_, key_, name_, desc_, tree_id_, parent_id_, path_, sn_, icon_, create_time_, create_by_, application_name_) VALUES ('417245005541539841', 'LC_ZHBG', '综合办公', '', '20000008980001', '413442061168803841', '413442061168803841.417245005541539841.', 3, '', null, null, null);
INSERT INTO sys_tree_node(id_, key_, name_, desc_, tree_id_, parent_id_, path_, sn_, icon_, create_time_, create_by_, application_name_) VALUES ('420874834705907713', 'zcgl', '资产管理', '资产管理流程', '20000008980001', '413442061168803841', '413442061168803841.420874834705907713.', 7, '', null, null, null);
INSERT INTO sys_tree_node(id_, key_, name_, desc_, tree_id_, parent_id_, path_, sn_, icon_, create_time_, create_by_, application_name_) VALUES ('413463349976629249', 'GovernmentOA', '政务OA产品', '政务OA产品相关系统分类', '20000002960002', '0', '413463349976629249.', 2, 'bpm-national-emblem', null, null, null);
INSERT INTO sys_tree_node(id_, key_, name_, desc_, tree_id_, parent_id_, path_, sn_, icon_, create_time_, create_by_, application_name_) VALUES ('413463358178852865', 'GWGL', '公文管理', '公文管理的相关系统分类', '20000002960002', '413463349976629249', '413463349976629249.413463358178852865.', 1, '', null, null, null);
INSERT INTO sys_tree_node(id_, key_, name_, desc_, tree_id_, parent_id_, path_, sn_, icon_, create_time_, create_by_, application_name_) VALUES ('413463364299128833', 'DBGL', '督办管理', '督办管理相关的系统分类', '20000002960002', '413463349976629249', '413463349976629249.413463364299128833.', 2, '', null, null, null);
INSERT INTO sys_tree_node(id_, key_, name_, desc_, tree_id_, parent_id_, path_, sn_, icon_, create_time_, create_by_, application_name_) VALUES ('413693763512958977', 'kqgl', '考勤管理', '', '20000002960002', '413463349976629249', '413463349976629249.413693763512958977.', 3, '', null, null, null);
INSERT INTO sys_tree_node(id_, key_, name_, desc_, tree_id_, parent_id_, path_, sn_, icon_, create_time_, create_by_, application_name_) VALUES ('413767863573676033', 'ZHBG', '综合办公', '', '20000002960002', '413463349976629249', '413463349976629249.413767863573676033.', 4, '', null, null, null);
INSERT INTO sys_tree_node(id_, key_, name_, desc_, tree_id_, parent_id_, path_, sn_, icon_, create_time_, create_by_, application_name_) VALUES ('415012284528328705', 'rsgl', '人事管理', '', '20000002960002', '413463349976629249', '413463349976629249.415012284528328705.', 5, '', null, null, null);
INSERT INTO sys_tree_node(id_, key_, name_, desc_, tree_id_, parent_id_, path_, sn_, icon_, create_time_, create_by_, application_name_) VALUES ('415623003281293313', 'bgyp', '办公用品', '', '20000002960002', '413463349976629249', '413463349976629249.415623003281293313.', 7, '', null, null, null);
INSERT INTO sys_tree_node(id_, key_, name_, desc_, tree_id_, parent_id_, path_, sn_, icon_, create_time_, create_by_, application_name_) VALUES ('415623011116253185', 'bgypff', '办公用品发放', '', '20000002960002', '415623003281293313', '413463349976629249.415623003281293313.415623011116253185.', 1, '', null, null, null);
INSERT INTO sys_tree_node(id_, key_, name_, desc_, tree_id_, parent_id_, path_, sn_, icon_, create_time_, create_by_, application_name_) VALUES ('415625296128245761', 'bgypsl', '办公用品申领', '', '20000002960002', '415623003281293313', '413463349976629249.415623003281293313.415625296128245761.', 2, '', null, null, null);
INSERT INTO sys_tree_node(id_, key_, name_, desc_, tree_id_, parent_id_, path_, sn_, icon_, create_time_, create_by_, application_name_) VALUES ('415625305688375297', 'bgypbs', '办公用品报损', '', '20000002960002', '415623003281293313', '413463349976629249.415623003281293313.415625305688375297.', 3, '', null, null, null);
INSERT INTO sys_tree_node(id_, key_, name_, desc_, tree_id_, parent_id_, path_, sn_, icon_, create_time_, create_by_, application_name_) VALUES ('415636331190288385', 'clgl', '车辆管理', '', '20000002960002', '413463349976629249', '413463349976629249.415636331190288385.', 8, '', null, null, null);
INSERT INTO sys_tree_node(id_, key_, name_, desc_, tree_id_, parent_id_, path_, sn_, icon_, create_time_, create_by_, application_name_) VALUES ('420123534191230977', '', '项目管理', '', '20000002960002', '413463349976629249', '413463349976629249.420123534191230977.', 11, '', null, null, null);
INSERT INTO sys_tree_node(id_, key_, name_, desc_, tree_id_, parent_id_, path_, sn_, icon_, create_time_, create_by_, application_name_) VALUES ('420126668638650369', 'HYGL', '会议管理', '', '20000002960002', '413463349976629249', '413463349976629249.420126668638650369.', 12, '', null, null, null);
INSERT INTO sys_tree_node(id_, key_, name_, desc_, tree_id_, parent_id_, path_, sn_, icon_, create_time_, create_by_, application_name_) VALUES ('420444285767254017', '用印管理', '用印管理', '', '20000002960002', '413463349976629249', '413463349976629249.420444285767254017.', 13, '', null, null, null);
INSERT INTO sys_tree_node(id_, key_, name_, desc_, tree_id_, parent_id_, path_, sn_, icon_, create_time_, create_by_, application_name_) VALUES ('420873932953616385', 'zcgl', '资产管理', '资产管理', '20000002960002', '413463349976629249', '413463349976629249.420873932953616385.', 15, '', null, null, null);
INSERT INTO sys_tree_node(id_, key_, name_, desc_, tree_id_, parent_id_, path_, sn_, icon_, create_time_, create_by_, application_name_) VALUES ('413463918211497985', 'GovernmentOA', '政务OA产品', '政务OA产品系统分类', '20000007060001', '0', '413463918211497985.', 2, '', null, null, null);
INSERT INTO sys_tree_node(id_, key_, name_, desc_, tree_id_, parent_id_, path_, sn_, icon_, create_time_, create_by_, application_name_) VALUES ('413464299037523969', 'DBGL', '督办管理', '', '20000007060001', '413463918211497985', '413463918211497985.413464299037523969.', 2, '', null, null, null);
INSERT INTO sys_tree_node(id_, key_, name_, desc_, tree_id_, parent_id_, path_, sn_, icon_, create_time_, create_by_, application_name_) VALUES ('413464302482620417', 'GWGL', '公文管理', '', '20000007060001', '413463918211497985', '413463918211497985.413464302482620417.', 3, '', null, null, null);
INSERT INTO sys_tree_node(id_, key_, name_, desc_, tree_id_, parent_id_, path_, sn_, icon_, create_time_, create_by_, application_name_) VALUES ('414575023287435265', 'RSGL', '人事管理', '人员信息字典数据', '20000007060001', '413463918211497985', '413463918211497985.414575023287435265.', 4, '', null, null, null);
INSERT INTO sys_tree_node(id_, key_, name_, desc_, tree_id_, parent_id_, path_, sn_, icon_, create_time_, create_by_, application_name_) VALUES ('415231311633448961', 'xiangmuguanli', '项目管理', '', '20000007060001', '413463918211497985', '413463918211497985.415231311633448961.', 1, '', null, null, null);
INSERT INTO sys_tree_node(id_, key_, name_, desc_, tree_id_, parent_id_, path_, sn_, icon_, create_time_, create_by_, application_name_) VALUES ('415373156101390337', 'BGYPGL', '办公用品', '', '20000007060001', '413463918211497985', '413463918211497985.415373156101390337.', 5, '', null, null, null);
INSERT INTO sys_tree_node(id_, key_, name_, desc_, tree_id_, parent_id_, path_, sn_, icon_, create_time_, create_by_, application_name_) VALUES ('415980799902875649', 'schedule', '日程', '日程', '20000007060001', '413463918211497985', '413463918211497985.415980799902875649.', 6, '', null, null, null);
INSERT INTO sys_tree_node(id_, key_, name_, desc_, tree_id_, parent_id_, path_, sn_, icon_, create_time_, create_by_, application_name_) VALUES ('416320941070221313', 'clgl', '车辆管理', '', '20000007060001', '413463918211497985', '413463918211497985.416320941070221313.', 7, '', null, null, null);
INSERT INTO sys_tree_node(id_, key_, name_, desc_, tree_id_, parent_id_, path_, sn_, icon_, create_time_, create_by_, application_name_) VALUES ('416525484516442113', 'meeting', '会议管理', '', '20000007060001', '413463918211497985', '413463918211497985.416525484516442113.', 8, '', null, null, null);
INSERT INTO sys_tree_node(id_, key_, name_, desc_, tree_id_, parent_id_, path_, sn_, icon_, create_time_, create_by_, application_name_) VALUES ('417589557433204737', 'zbpb', '值班排班', '', '20000007060001', '413463918211497985', '413463918211497985.417589557433204737.', 9, '', null, null, null);
INSERT INTO sys_tree_node(id_, key_, name_, desc_, tree_id_, parent_id_, path_, sn_, icon_, create_time_, create_by_, application_name_) VALUES ('417591604180680705', 'renwuguanli', '任务管理', '', '20000007060001', '413463918211497985', '413463918211497985.417591604180680705.', 1, '', null, null, null);
INSERT INTO sys_tree_node(id_, key_, name_, desc_, tree_id_, parent_id_, path_, sn_, icon_, create_time_, create_by_, application_name_) VALUES ('418046025394814977', 'JQGL', '假勤管理', '', '20000007060001', '413463918211497985', '413463918211497985.418046025394814977.', 11, '', null, null, null);
INSERT INTO sys_tree_node(id_, key_, name_, desc_, tree_id_, parent_id_, path_, sn_, icon_, create_time_, create_by_, application_name_) VALUES ('420450141651861505', 'yygl', '用印管理', '', '20000007060001', '413463918211497985', '413463918211497985.420450141651861505.', 12, '', null, null, null);
INSERT INTO sys_tree_node(id_, key_, name_, desc_, tree_id_, parent_id_, path_, sn_, icon_, create_time_, create_by_, application_name_) VALUES ('420874772269236225', 'zcgl', '资产管理', '', '20000007060001', '413463918211497985', '413463918211497985.420874772269236225.', 13, '', null, null, null);
INSERT INTO sys_tree_node(id_, key_, name_, desc_, tree_id_, parent_id_, path_, sn_, icon_, create_time_, create_by_, application_name_) VALUES ('413468505695322113', 'kb1', '看板一', 'kb1', '413468459093983233', '0', '413468505695322113.', 47, 'el-icon-star-off', null, null, null);
INSERT INTO sys_tree_node(id_, key_, name_, desc_, tree_id_, parent_id_, path_, sn_, icon_, create_time_, create_by_, application_name_) VALUES ('413468514320121857', 'kb2', '看板二', 'kb2', '413468459093983233', '0', '413468514320121857.', 48, 'el-icon-star-off', null, null, null);
INSERT INTO sys_tree_node(id_, key_, name_, desc_, tree_id_, parent_id_, path_, sn_, icon_, create_time_, create_by_, application_name_) VALUES ('413468518581272577', 'kb3', '看板三', 'kb3', '413468459093983233', '0', '413468518581272577.', 49, 'el-icon-star-off', null, null, null);
INSERT INTO sys_tree_node(id_, key_, name_, desc_, tree_id_, parent_id_, path_, sn_, icon_, create_time_, create_by_, application_name_) VALUES ('413742610387304449', 'gwk', '公文库', '', '413742601088794625', '0', '413742610387304449.', 5, '', null, null, null);
INSERT INTO sys_tree_node(id_, key_, name_, desc_, tree_id_, parent_id_, path_, sn_, icon_, create_time_, create_by_, application_name_) VALUES ('413742653764272129', 'sw', '收文', '', '413742601088794625', '413742610387304449', '413742610387304449.413742653764272129.', 1, '', null, null, null);
INSERT INTO sys_tree_node(id_, key_, name_, desc_, tree_id_, parent_id_, path_, sn_, icon_, create_time_, create_by_, application_name_) VALUES ('413742659111747585', 'fw', '发文', '', '413742601088794625', '413742610387304449', '413742610387304449.413742659111747585.', 2, '', null, null, null);
INSERT INTO sys_tree_node(id_, key_, name_, desc_, tree_id_, parent_id_, path_, sn_, icon_, create_time_, create_by_, application_name_) VALUES ('413742664185020417', 'qbjqt', '签报及其它', '', '413742601088794625', '413742610387304449', '413742610387304449.413742664185020417.', 3, '', null, null, null);
INSERT INTO sys_tree_node(id_, key_, name_, desc_, tree_id_, parent_id_, path_, sn_, icon_, create_time_, create_by_, application_name_) VALUES ('413742631516110849', 'dcdb', '督察督办', '', '413742601088794625', '0', '413742631516110849.', 51, '', null, null, null);
INSERT INTO sys_tree_node(id_, key_, name_, desc_, tree_id_, parent_id_, path_, sn_, icon_, create_time_, create_by_, application_name_) VALUES ('413742637531267073', 'grbg', '个人办公', '', '413742601088794625', '0', '413742637531267073.', 52, '', null, null, null);
INSERT INTO sys_tree_node(id_, key_, name_, desc_, tree_id_, parent_id_, path_, sn_, icon_, create_time_, create_by_, application_name_) VALUES ('413758563604496385', '', '督办查询', '', '413309430117957633', '0', '413758563604496385.', 53, '', null, null, null);
INSERT INTO sys_tree_node(id_, key_, name_, desc_, tree_id_, parent_id_, path_, sn_, icon_, create_time_, create_by_, application_name_) VALUES ('415255015956938753', '中软项目组', '公文表单', '', '20000002960002', '0', '415255015956938753.', 1, '', null, null, null);
INSERT INTO sys_tree_node(id_, key_, name_, desc_, tree_id_, parent_id_, path_, sn_, icon_, create_time_, create_by_, application_name_) VALUES ('415261615758508033', 'LC_GWGL', '公文管理', '', '20000008980001', '0', '415261615758508033.', 1, '', null, null, null);
INSERT INTO sys_tree_node(id_, key_, name_, desc_, tree_id_, parent_id_, path_, sn_, icon_, create_time_, create_by_, application_name_) VALUES ('415485602553135105', 'LC_GWGL_FW', '发文', '发文管理', '20000008980001', '415261615758508033', '415261615758508033.415485602553135105.', 1, '', null, null, null);
INSERT INTO sys_tree_node(id_, key_, name_, desc_, tree_id_, parent_id_, path_, sn_, icon_, create_time_, create_by_, application_name_) VALUES ('420620090752892929', 'LC_GWGL_SW', '收文', '', '20000008980001', '415261615758508033', '415261615758508033.420620090752892929.', 2, '', null, null, null);
INSERT INTO sys_tree_node(id_, key_, name_, desc_, tree_id_, parent_id_, path_, sn_, icon_, create_time_, create_by_, application_name_) VALUES ('420620166159663105', 'LC_GWGL_QT', '签报及其他', '', '20000008980001', '415261615758508033', '415261615758508033.420620166159663105.', 3, '', null, null, null);
INSERT INTO sys_tree_node(id_, key_, name_, desc_, tree_id_, parent_id_, path_, sn_, icon_, create_time_, create_by_, application_name_) VALUES ('416589207599841281', 'COMMON', '公共配置', '', '20000007060001', '416589186907242497', '416589207599841281.', 1, '', null, null, null);
INSERT INTO sys_tree_node(id_, key_, name_, desc_, tree_id_, parent_id_, path_, sn_, icon_, create_time_, create_by_, application_name_) VALUES ('417564516550967297', 'GREATWALL', '会议室区域', '', '417563578266812417', '0', '417564516550967297.', 2, '', null, null, null);

INSERT INTO sys_workbench_layout(id_, panel_id_, cust_width_, cust_height_, sn_, user_id_, create_time_) VALUES ('403344394360455169', '10000049030124', '43', '450', '0', 'default_layout', '2018-04-20 18:46:40');
INSERT INTO sys_workbench_layout(id_, panel_id_, cust_width_, cust_height_, sn_, user_id_, create_time_) VALUES ('403344394366222337', '10000051360122', '50', '450', '1', 'default_layout', '2018-04-20 18:46:40');
INSERT INTO sys_workbench_layout(id_, panel_id_, cust_width_, cust_height_, sn_, user_id_, create_time_) VALUES ('403344394371465217', '10000047970167', '94', '504', '2', 'default_layout', '2018-04-20 18:46:40');
INSERT INTO sys_workbench_layout(id_, panel_id_, cust_width_, cust_height_, sn_, user_id_, create_time_) VALUES ('403344394377232385', '20000000570002', '22', '20', '3', 'default_layout', '2018-04-20 18:46:40');
INSERT INTO sys_workbench_layout(id_, panel_id_, cust_width_, cust_height_, sn_, user_id_, create_time_) VALUES ('403344401687117825', '10000049030124', '43', '450', '0', '1', '2018-04-20 18:46:40');
INSERT INTO sys_workbench_layout(id_, panel_id_, cust_width_, cust_height_, sn_, user_id_, create_time_) VALUES ('403344401690263553', '10000051360122', '50', '450', '1', '1', '2018-04-20 18:46:40');
INSERT INTO sys_workbench_layout(id_, panel_id_, cust_width_, cust_height_, sn_, user_id_, create_time_) VALUES ('403344401693409281', '10000047970167', '93', '504', '2', '1', '2018-04-20 18:46:40');

INSERT INTO sys_workbench_panel(id_, alias_, name_, type_, desc_, data_type_, data_source_, auto_refresh_, width_, height_, display_content_, more_url_, create_time_, create_by_, update_time_, update_by_, delete_flag_) VALUES ('10000047970167', 'myCalendar', '我的日程', 'iframe', '我的日程', 'iframe', '/sys/schedule/scheduleDisplay.html', null, '75', '504', null, '/sys/schedule/scheduleDisplay.html', '2018-03-29 16:37:03', null, '2018-03-29 17:33:10', null, null);
INSERT INTO sys_workbench_panel(id_, alias_, name_, type_, desc_, data_type_, data_source_, auto_refresh_, width_, height_, display_content_, more_url_, create_time_, create_by_, update_time_, update_by_, delete_flag_) VALUES ('10000049030124', 'list', '我的待办', 'basic', '测试', 'interface', 'bpmTaskManager.getTodoList', null, '75', '300', '<div class="row">

	<div class="col-sm-12">
		<div class="form-inline">
			<input type="text" placeholder="搜索关键字" class="input-sm form-control" ng-model="param.subject$V" >
			<button type="button" ng-click="loadPanelData()" class="btn btn-sm btn-primary fa-search"></button>
		</div>
	</div>
</div>
 <div class="table-responsive">
	<table class="table table-striped">
		<thead>
			<tr>
				<th>任务名称</th>
				<th>任务标题</th>
				<th>创建时间</th>
			</tr>
		</thead>
		<tbody>
			<tr ng-repeat="task in list">
				<td>{{task.name}}</td>
				<td><a ng-click="debugger;openFullWindow(''/bpm/vueForm/taskComplete.html?taskId=''+this.task.id)" >{{task.subject}}</a> </td>
				<td>{{task.createTime}}</td>
			</tr>
		</tbody>
	</table>
</div>', '/bpm/my/todoTaskList.html', '2018-03-30 18:05:43', null, '2019-02-02 22:25:54', '1', null);
INSERT INTO sys_workbench_panel(id_, alias_, name_, type_, desc_, data_type_, data_source_, auto_refresh_, width_, height_, display_content_, more_url_, create_time_, create_by_, update_time_, update_by_, delete_flag_) VALUES ('10000051360122', 'productSales', '产品销售情况', 'echarts', '产品年度销售情况', 'interface', 'workbenchPanelManager.getTestData', null, '50', '300', '{
	"title": {
		"text": "产品销售情况"
	},
	"legend": {},
	"tooltip": {},
	"toolbox": {
		"show": true,
		"feature": {
			"magicType": {
				"show": true,
				"type": ["line", "bar", "stack", "tiled"]
			},
			"restore": {
				"show": true
			},
			"saveAsImage": {
				"show": true
			}
		}
	},
	"dataset": {
		"source": []
	},
	"xAxis": {
		"type": "category"
	},
	"yAxis": {},
	"series": []
}', null, '2018-04-04 10:38:05', null, '2018-04-04 10:38:05', null, null);
INSERT INTO sys_workbench_panel(id_, alias_, name_, type_, desc_, data_type_, data_source_, auto_refresh_, width_, height_, display_content_, more_url_, create_time_, create_by_, update_time_, update_by_, delete_flag_) VALUES ('10000053631201', 'userInfo', '用户信息', 'basic', '用户信息展示', 'interface', 'loginContext.getCurrentUser', '60', '25', '150', '<h4 class="no-margins">{{userInfo.fullname}}</h4>
<div class=" pull-right  text-info">{{userInfo.account}} <i class="fa-user-circle-o"></i>
</div>
 <small>{{userInfo.email}}</small>', '/org/user/userInfoEdit', '2018-03-08 09:50:19', null, '2018-03-29 16:08:54', null, null);
INSERT INTO sys_workbench_panel(id_, alias_, name_, type_, desc_, data_type_, data_source_, auto_refresh_, width_, height_, display_content_, more_url_, create_time_, create_by_, update_time_, update_by_, delete_flag_) VALUES ('10000053631202', 'roleInfo', '角色信息', 'basic', '用户信息展示', 'interface', 'loginContext.getCurrentUser', '60', '25', '150', '<p class="text-info">{{roleInfo.email}}</p>
<p class="text-info">{{roleInfo.weixin}}</p>
<p class="text-info">{{roleInfo.mobile}}</p>', '1', '2018-03-12 11:26:16', null, '2018-03-29 16:20:53', null, null);
INSERT INTO sys_workbench_panel(id_, alias_, name_, type_, desc_, data_type_, data_source_, auto_refresh_, width_, height_, display_content_, more_url_, create_time_, create_by_, update_time_, update_by_, delete_flag_) VALUES ('10000053631203', 'org', '当前组织', 'basic', '用户信息展示', 'interface', 'loginContext.getCurrentGroup', null, '25', '150', '<h4 class="no-margins">{{org.name}}</h4>
<h2 style="color:red">系统每天凌晨重置数据库</h2>

<div class=" pull-right  text-info">{{org.code}} <i class="fa fa-address-card"></i>
</div>', null, '2018-03-12 11:26:21', null, '2018-03-29 16:13:54', null, null);
INSERT INTO sys_workbench_panel(id_, alias_, name_, type_, desc_, data_type_, data_source_, auto_refresh_, width_, height_, display_content_, more_url_, create_time_, create_by_, update_time_, update_by_, delete_flag_) VALUES ('20000000570002', 'cacheDesign', '提前缓存设计器', 'iframe', null, 'iframe', '/flow-editor/modeler.html?modelId=20000000530051', null, '25', '20', null, null, '2018-08-17 15:06:33', null, '2018-08-17 15:06:33', null, null);