<?xml version="1.0" encoding="UTF-8"?>
<!DOCTYPE mapper PUBLIC "-//mybatis.org//DTD Mapper 3.0//EN" "http://mybatis.org/dtd/mybatis-3-mapper.dtd">
<mapper namespace="cn.gwssi.ecloudframework.org.core.dao.RoleDao">
    <resultMap id="Role" type="cn.gwssi.ecloudframework.org.core.model.Role">
        <id property="id" column="id_" jdbcType="VARCHAR"/>
        <result property="name" column="name_" jdbcType="VARCHAR"/>
        <result property="alias" column="alias_" jdbcType="VARCHAR"/>
        <result property="enabled" column="enabled_" jdbcType="INTEGER"/>
        <result property="description" column="description" jdbcType="VARCHAR"/>
        <result property="sn" column="sn_" jdbcType="NUMERIC"/>
        <result property="orgId" column="org_id_" jdbcType="VARCHAR"/>
        <result property="createTime" column="create_time_" jdbcType="TIMESTAMP"/>
        <result property="createBy" column="create_by_" jdbcType="VARCHAR"/>
        <result property="updateTime" column="update_time_" jdbcType="TIMESTAMP"/>
        <result property="updateBy" column="update_by_" jdbcType="VARCHAR"/>
    </resultMap>

    <sql id="tableName">
        org_role
    </sql>

    <sql id="forUpdate">
        <if test="name != null">
            name_ = #{name,jdbcType=VARCHAR},
        </if>
        <if test="alias != null">
            alias_ = #{alias,jdbcType=VARCHAR},
        </if>
        <if test="enabled != null">
            enabled_ = #{enabled,jdbcType=INTEGER},
        </if>
        <if test="description != null">
            description = #{description,jdbcType=VARCHAR},
        </if>
        <if test="sn != null">
            sn_ = #{sn,jdbcType=NUMERIC},
        </if>
        <if test="orgId != null">
            org_id_ = #{orgId,jdbcType=VARCHAR},
        </if>
        <if test="updateBy != null">
            update_by_ = #{updateBy,jdbcType=VARCHAR},
        </if>
        <if test="updateTime != null">
            update_time_ = #{updateTime,jdbcType=TIMESTAMP},
        </if>
    </sql>

    <insert id="create" parameterType="cn.gwssi.ecloudframework.org.core.model.Role">
        INSERT INTO
        <include refid="tableName"/>
        (id_,name_,alias_,enabled_,description,org_id_,create_time_,create_by_,update_time_,update_by_,sn_)
        VALUES
        (#{id,jdbcType=VARCHAR}, #{name,jdbcType=VARCHAR}, #{alias,jdbcType=VARCHAR},
        #{enabled,jdbcType=INTEGER},#{description,jdbcType=VARCHAR},#{orgId,jdbcType=VARCHAR},
        #{createTime,jdbcType=TIMESTAMP}, #{createBy,jdbcType=VARCHAR}, #{updateTime,jdbcType=TIMESTAMP},
        #{updateBy,jdbcType=VARCHAR}, #{sn,jdbcType=NUMERIC}
        )
    </insert>

    <select id="get" parameterType="java.lang.String" resultMap="Role">
        SELECT * FROM
        <include refid="tableName"/>
        WHERE
        id_=#{id}
    </select>

    <select id="getByAlias" parameterType="java.lang.String" resultMap="Role">
        SELECT * FROM
        <include refid="tableName"/>
        WHERE
        alias_=#{alias}
    </select>

    <select id="query" parameterType="java.util.Map" resultMap="Role">
        SELECT
        <if test="resultType==null">
            distinct trole.*
        </if>
        <if test="resultType=='onlyGroupId'">
            distinct trole.id_
        </if>
        <if test="resultType=='onlyGroupName'">
            distinct trole.id_,trole.name_
        </if>
        FROM
        <include refid="tableName"/>
        trole
        <if test="userId != null">
            inner join org_relation trelation on trole.id_ = trelation.group_id_
            and trelation.status_ =1 and trelation.user_id_ = #{userId}
        </if>
        <where>
            <if test="whereSql!=null">
                ${whereSql}
            </if>
            <if test="excludeUserId != null">
                and trole.id_ not in (
                select trelation.group_id_ from org_relation trelation where trelation.user_id_ = #{excludeUserId}
                and trelation.group_id_ is not null
                )
                and trole.enabled_ = '1'
            </if>
        </where>
        <if test="orderBySql!=null">
            ORDER BY ${orderBySql}
        </if>
        <if test="orderBySql==null">
            ORDER BY id_ DESC
        </if>
    </select>

    <update id="update" parameterType="cn.gwssi.ecloudframework.org.core.model.Role">
        UPDATE
        <include refid="tableName"/>
        SET
        name_=#{name,jdbcType=VARCHAR},
        alias_=#{alias,jdbcType=VARCHAR},
        enabled_=#{enabled,jdbcType=INTEGER},
        description=#{description},
        org_id_=#{orgId},
        update_time_=#{updateTime,jdbcType=TIMESTAMP},
        update_by_=#{updateBy,jdbcType=VARCHAR},
        sn_=#{sn,jdbcType=NUMERIC}
        WHERE
        id_=#{id}
    </update>

    <delete id="remove" parameterType="java.lang.String">
        DELETE FROM
        <include refid="tableName"/>
        WHERE
        id_=#{id}
    </delete>

    <update id="updateByPrimaryKeySelective" parameterType="cn.gwssi.ecloudframework.org.core.model.Role">
        update
        <include refid="tableName"/>
        <set>
            <include refid="forUpdate"/>
        </set>
        where id_ = #{id,jdbcType=VARCHAR}
    </update>

    <!-- 这里默认获取岗位职务角色为 该角色的用户  -->
    <select id="getByUserId" parameterType="java.lang.String" resultMap="Role">
        SELECT distinct role.* from
        <include refid="tableName"/>
        role
        left join org_relation relation on role.id_ = relation.group_id_
        where enabled_ = 1 and relation.status_ =1
        and relation.user_id_ = #{userId}
    </select>

    <select id="isRoleExist" resultType="java.lang.Integer">
        SELECT count(1) FROM
        <include refid="tableName"/>
        where alias_=#{alias}
        <if test="id!=null">
            and id_!=#{id}
        </if>
    </select>

</mapper>